Items,image_link
Coats_Coat_Trench Coat_bege_No Pattern_NaN_NaN_All year,https://media.dior.com/couture/ecommerce/media/catalog/product/n/8/1649191536_841M55A3332_X1700_E01_GHC.jpg?imwidth=800 
Top_Shirt_Sweater/Jumper_bege/black_Stripes_Wool_NaN_Winter,https://lp2.hm.com/hmgoepprod?set=quality%5B79%5D%2Csource%5B%2F99%2F9e%2F999e7635ce17d2705ac1357995af67c7f8506b43.jpg%5D%2Corigin%5Bdam%5D%2Ccategory%5Bladies_cardigansjumpers_jumpers%5D%2Ctype%5BDESCRIPTIVESTILLLIFE%5D%2Cres%5Bm%5D%2Chmver%5B1%5D&call=url[file:/product/zoom]&zoom=zoom
Bottom_Pants_Straight_white_No Pattern_Ganga_NaN_All year,https://levi.pt/content/img/levis_jeam_feminino_wedgie-straight-jeans-34964-0183_in-the-clouds_6.jpg
Accessories_Bags_Bowler_black_No Pattern_NaN_Small_All year,https://images.ikrix.com/product_images/original/iKRIX-furla-bowling-bags-swing-quilted-small-bowling-bag-00000187685f00s003.jpg
Footwear_Shoes_Ballerinas_bege/black_No Pattern_NaN_NaN_All year,http://www.meghansmirror.com/wp-content/uploads/2020/07/Meghan-Markle-2020-Chanel-Ballet-Flats.jpg
Fullbody_Dress_Long_black_No Pattern_Satin_NaN_All year,https://lp2.hm.com/hmgoepprod?set=quality%5B79%5D%2Csource%5B%2Fbd%2Fa7%2Fbda7784fc707ad3d4f897389605648ffda3edc3a.jpg%5D%2Corigin%5Bdam%5D%2Ccategory%5Bladies_dresses_mididresses%5D%2Ctype%5BDESCRIPTIVESTILLLIFE%5D%2Cres%5Bm%5D%2Chmver%5B1%5D&call=url[file:/product/main]
Top_Shirt_T-shirt_white_No Pattern_Coton_Oversized_Summer,https://www.na-kd.com/resize/globalassets/round-neck-cotton-t-shirt_1044-000145-0001_flatlay-1.jpg?ref=408E7E627E&quality=80&sharpen=0.3&width=838
Bottom_Pants_Wide leg_Bege_No Pattern_Linen_NaN_Summer,https://img.hollisterco.com/is/image/anf/KIC_356-3013-0339-110_prod1?policy=product-large
Footwear_Shoes_Sneakers_white_No Pattern_NaN_NaN_All year,https://cdn.shopify.com/s/files/1/0419/1525/products/1024x1024-Women-Premier-White-101322-3.4.jpg?v=1666895381
Accessories_Bags_Bucket_white_No Pattern_NaN_Small_All year,https://cdn-images.farfetch-contents.com/18/87/80/20/18878020_41242928_1000.jpg
Top_Shirt_Sleeveless_black_No Pattern_Nan_NaN_Summer,https://lp2.hm.com/hmgoepprod?set=quality%5B79%5D%2Csource%5B%2F9a%2F90%2F9a90e812b2166ae7423346585a6228cbdd4ff836.jpg%5D%2Corigin%5Bdam%5D%2Ccategory%5B%5D%2Ctype%5BDESCRIPTIVESTILLLIFE%5D%2Cres%5Bm%5D%2Chmver%5B2%5D&call=url[file:/product/main]
Accessories_Bags_Trapeze_NaN_No Pattern_Straw_Large_Summer,https://lp2.hm.com/hmgoepprod?set=quality%5B79%5D%2Csource%5B%2F29%2F55%2F29555b21943094eb6f38cdc9dc180d669a5711dd.jpg%5D%2Corigin%5Bdam%5D%2Ccategory%5B%5D%2Ctype%5BDESCRIPTIVESTILLLIFE%5D%2Cres%5Bm%5D%2Chmver%5B2%5D&call=url[file:/product/zoom]&zoom=zoom
Bottom_Pants_Straight_NaN_NaN_Ganga_NaN_All year,"https://assets.vogue.com/photos/63092d5359bcb88051ae5c04/1:1/w_2667,h_2667,c_limit/slide_2%20(9).jpg"
Accessories_Earrings_Hoop_NaN_NaN_Golden_Medium_All year,https://cdn.shopify.com/s/files/1/1196/2464/products/08SM327_1024x1024.jpg?v=1672547767
Accessories_Sunglasses_Wayfarer_NaN_NaN_NaN_Medium_All year,https://encrypted-tbn0.gstatic.com/images?q=tbn:ANd9GcRnB-SLr743lhBhGGQjvZH3YquZwo9Rtu63Xw&usqp=CAU
Top_Shirt_Sleeveless_white_No Pattern_Cotton_NaN_Summer,https://lp2.hm.com/hmgoepprod?set=quality%5B79%5D%2Csource%5B%2Fb8%2F09%2Fb80934e65e17b0650a618fef09fa9e0ebbcb5eed.jpg%5D%2Corigin%5Bdam%5D%2Ccategory%5Bladies_basics_tops_vests%5D%2Ctype%5BDESCRIPTIVESTILLLIFE%5D%2Cres%5Bm%5D%2Chmver%5B2%5D&call=url[file:/product/main]
Top_Shirt_shirt_white_No Pattern_Cotton_NaN_All year,https://lp2.hm.com/hmgoepprod?set=quality%5B79%5D%2Csource%5B%2Ff7%2F9d%2Ff79db5c03c1c18da182ea77e7a8f2d47b38c9f2b.jpg%5D%2Corigin%5Bdam%5D%2Ccategory%5B%5D%2Ctype%5BDESCRIPTIVESTILLLIFE%5D%2Cres%5Bm%5D%2Chmver%5B2%5D&call=url[file:/product/main]
Bottom_Pants_pegged_black_No Pattern_Cotton_NaN_All year,https://cdn.shopify.com/s/files/1/0452/1374/5316/products/TOTEME_PF22_TROUSERS_223-224-235_DEEP_PLEAT_TROUSERS_BLACK_1_GB_2048x2048.jpg?v=1675244672
Footwear_Shoes_Moccasin_bege_No Pattern_NaN_NaN_All year,https://lp2.hm.com/hmgoepprod?set=quality%5B79%5D%2Csource%5B%2Ff6%2F43%2Ff64323e9f4bc74f7b471733b48765fcd832a980a.jpg%5D%2Corigin%5Bdam%5D%2Ccategory%5B%5D%2Ctype%5BDESCRIPTIVESTILLLIFE%5D%2Cres%5Bm%5D%2Chmver%5B2%5D&call=url[file:/product/main]
Accessories_Neckless_Choker_NaN_No Pattern_Golden_NaN_All year,https://cloud-media.tous.com/medias/sys_master/images/sys-master/images/h4e/h82/10509683392542/product_011902590-20200304180205/product-011902590-20200304180205.jpg_515Wx515H
Footwear_Shoes_Mule_black_No Pattern_Leather_NaN_All year,https://xcdn.next.co.uk/Common/Items/Default/Default/ItemImages/Search/224x336/C77568.jpg
Footwear_Boots_Chelsea Boots_black_No Pattern_NaN_NaN_Winter,https://www.tillys.com/on/demandware.static/-/Sites-master-catalog/default/dwebc33b79/tillys/images/catalog/1000x1000/362046100.jpg
Top_Shirt_Sweatshirt_Grey_No Pattern_Cotton_NaN_All year,https://cdn.shopify.com/s/files/1/0174/0580/4598/products/118469_GH22_1_300x300.jpg?v=1663766034
Bottom_Pants_5-pocket Jeans_NaN_No Pattern_Ganga_NaN_All year,https://www.prada.com/content/dam/pradabkg_products/G/GFP/GFP492/12O0F0BAU/GFP492_12O0_F0BAU_S_231_SLF.jpg/jcr:content/renditions/cq5dam.web.hebebed.1000.1000.crop.jpg
Top_Coat_Blazer_black_No Pattern_NaN_Oversized_Winter,https://www.na-kd.com/resize/globalassets/tweed_blazer_1727-000042-0002.jpg?ref=2D41A19358&quality=80&sharpen=0.3&width=838
Top_Shirt_Turtleneck_black_No Pattern_NaN_NaN_Winter,"data:image/jpeg;base64,/9j/4AAQSkZJRgABAQAAAQABAAD/2wCEAAkGBw8QDw0NDQ8PDQ0NDw0NDQ0NDQ8NDQ4PFREWFxYRFRMYHSggGBolGxUVITEhJSkrMS4vFx8zODMtNygtLisBCgoKDg0NFQ0PFSsdFRkrLS0rLSsrKy0rLS0tKystKy0tKy0rLS0rKy0yNy0tKzcuLS0rNzctKystKzctKy0rK//AABEIARMAtwMBIgACEQEDEQH/xAAcAAEBAAIDAQEAAAAAAAAAAAAAAQIHAwQIBgX/xABKEAACAgACBQcHBwkFCQAAAAAAAQIDBBEFBxIhMQYTQVFxkZIiUlNhgcHCFCMyQqGx0hZDYnJzoqOz0Rckk7LwFTM0VGOCg5TD/8QAFgEBAQEAAAAAAAAAAAAAAAAAAAEC/8QAFhEBAQEAAAAAAAAAAAAAAAAAAAER/9oADAMBAAIRAxEAPwDb5CkIAAAgKQAAUAAAAKAIACiAAAQpAAAAAAAAAMyFBBAAAAAEKQAUELmUAAAAAEAAAgAAAAAAAAAGYBCAAAABAABAGZ8brH5af7OpVdDjLHWpSrjOLnCupPJ2TWa48Eul59TP2uUvKLDYCl3YmeWalzVMWudukvqwXdv4LpPO/KHTVmNxN+Ku3Sulugm3GutLKNcc+hJLqzeb6Sj7rC648WorncJhrH0uuVtOfsbkdj+2a7/kKv8A2p/gNUKWXHv6DLaBjZuJ1xYxr5nC4ap9dkrbsu5xPodXWsCzGWW4bHc2rv8AeUTrhzcZQ4Sg1m963Psb6jSO0djAaSnRbXdS8rKpKUX0Zrin6nvXtKPVaZT5zkTyjrx+GjdDyZryLqm85VWJb4+tdKfSmfREAAAUhUAIAAAAAzIUhAAIAIY22KKlKTUYxTlKUmlGKSzbb6EaX5eaybbpyw2jrJUYWOcZYiGcbsR0ZxlxhDqyyb+wDaGneVWBwSaxWIhCxb1TD5y99Xzcc2u15I1pyi1t4ixOGj6lhYPdz92zZf7I74RfiNauWebbzbbbfS2+LZg49veUx2cfj7r5u3EW2X2PjO2cpyyzzyWfBb3uW46Uy7PrfeXIK4Oca6N3rMecj5v2nYcSbH+twRwucpdGS6kZ17vX2Gex6sxv/wBMDuaN0niMNNW4a2yixfWrm45rqa4SXqeaNi6B1vYivKGPojiY+moypvy9cH5En2bJq9J9nYZZFMeldAcsdH47KOGxEedf5i35m/2Ql9Ltjmj988lmwuQesa/Cyhh8dOeIwknGMbJy2rsPm8s9p75QXSm9y4dTDeRCQkmk08096aKQAAAAAGZACARlMZMD5DWlpLmNF4hJrbxTjhIp9KnntrwRmefLJG2deWNeeAwye7K/ETXTn5MIP+Yaju6O0o5AYwZQpkGUxYAZFAEBcgAGZTFgA3w9eZCSflJeoD0Pqw0x8p0fTtPOyjOiebzecNyb7Y7L9p9cac1J45xtxVDfkyVdqXr3xf3RNyBAAAQFIBkACCGMjJmLA0Lrdxis0rbFPP5PTh8P7dl2P+afCXM/b5WYvnsfj7uieJv2f1FNxj+6kfh2lGdZlmYQMgqshSAC5kAGRGQuYEAABHFB5yk/Ycue7vOHDcMwPttVuK5vSVS9JCyv7pfCeg09x5k5JX83jsHPhldCPi8n4j0xQ84xfWkEcgIAAAAyIUhAZ1dI4pU03XvcqarbW3wShBy9x2mfM6xsSq9E6Qk/rU8x/iyjXl++B5ybfS830t8W+lnDaczOG3iiqzgZGMDJAVEKQACFABAqAMhWQDGf0ZdjOPD8DmfB9jODDPcB3sHdsTrs9HOE/DJP3HqLRdm1VW/0UeWInpPkViudwOFn51Vcu+KCV+8AAAAAyICEBnwWuXE7GjFD0+Jpr9kVKz4EfeSNV69MVlXo+jzp4i5/9kYRX8xlGoTisOU47ArOC3FEVuQYAAAQpCgCohUAZCjICHBhuDOyjrYf63a/vA7EWb81U4nb0dQvNUoeGbj7jQcDc2pbE54a2v0d017GlL3sJWzAAAAAAAEGMjSuu/E543DU+iwin7bLZr7oI3Wzz/rbxO3pbFR9DDDVfwoz+NlHxpx2HIYWBWceCKyLguxDMARlAAAgFKiBAZEKACOtT9KfazsnWr+nPtA7EDaGpTEZWYqr9lNe3aT/AMqNXRPvNUOI2dISh59Mn7Yyj+JhG9wRMoAAAACMgjZ5t5e4lWaT0jNPP+821/4b5v4D0j0o8taWv5y/EWrerb77U+vbslL3lHUOOw5DjmFchSFQAhWQAQoAAACopimZIAdaH059p2TrQ+nPtYHPE+p1cX7Gk8L+nzkP3HL4T5ZH7PJO7Yx+Cl/14R8Xk+8D0xB7jI46XnGPYjkCIUAARlIyDp6VxHN4fEW8Oaousz/Vg37jyzJZJLqSR6S5e27GitJPhnhra/Gtj4jzdYUYmEzMxl0BWYTIUAAAAAAAFAxKABczr1cZ9rOwcMFvl2gcqO5oyzZvw8/Mupl3TTOmjNPLeuK3oD1TgpZ1wf6KOY6WhrNrD0y64Rf2HdQZUABQjBGQfG627dnRGJSeW3ZhYfx4Sa7os0BI3frsv2dHUQX53G1RfYqbZfekaQZSMSNGRyUVbc4w8+UYeJpe8K+mw/IDSM6q7oVwcLYRsh841LZazWayMJchNJLjSvGehMBSoVVQW5QrrivZFI5nWupdwR52jyC0i/zUfbN/0M/yA0j6OHjl+E9C82updwda6l3AeeHyDx/mQ8cvwk/ITSHo4PsnL8J6G5iPUu4nMR6l3A154fInHr83HxP+hPyKx3o4eN/0PQ7w8epE+Sw6l3Aee1yHx/o4eN/0M48g9IP6kF2zl+E9BLDR6l3GSpj1IGtAf2e6Qyb2a93Qpyb/AMp8lZRKE7K5rKcJzhNdUoyaa70z1a4LqR5w5d4ZV6U0jBbl8onZl+1Ss+MD8BGcUYGUWFeluRtu3o/Bz86ip98UftnymrO7a0XhH5sHX4W4+4+qzDKghQrHMAjINX6878qdH1dMrcRZl+pCMf8A6Gn2bR16T+e0dHzasVLxSr/CatZSB+3yMwvO6QwVeWad0W+xZv3I/EPtNUuG29J1viq65y9u7L3hW/kXMgCAAAAAAAAABADNDa4MNsaUlJLLn8Ph7W8uLW1X91aN8s0/rxw7VuAuS3SrxFUn64yhKK/fl3AawLExKmFb31O256MjHzLr13y2viPuTW2pC3PCYqHmYnNdjrh78zZAZXMABUIykZBpjXfZ/fMJDzcLteK2a+E1sz73XTPPScF5uDoX8S5+8+CKQNoaj8Jnbir/ADYxrXbx95q83lqZwWxo+VrWTusk+1LciVWwAQBFAIUUEAFIAAAABmutdOF2sBVauNGKrb/VnCccu9x7jYrPk9ZmF53RWOXmQhen+ysjN/ZFr2gefGIhkQVtrUbd/wAfX1OizvUl8JtY01qQtyxeLh51EJeGb/EblCKCACABkGgtbt21pa9ejqw0P4al8Z8YfYaytHYl6Ux1rw97qsnW67OYsdcoxphHNSSy+qz4+TSbTeTXFPc17CkMz0ryIwfM6NwNfT8nqlLtlHP3nmyqp2SjVBrbslGuG/60nsr7Weq8PUoQhWuEIxguxLL3BXIAAgAAAAAAEAoAAjPyuUmGVuExlL4W4bEV+KuS95+qzhxFe0nHhtJrvWQR5WTzyfWswdlaPui+bdVjlDyGo1ze9bn0HPVoTFy+jhcQ/wDwWL70FfXamLGtJyj0Swt32TrN5GldV2hMZRpGu67D211c3dCU5xSSbSyXX0G6gAAAgAII4p8d517cBTPfOquT65QizsgDqrRuH3fMU5ppp81DNNcGtx2gCiggAoIEBQAAIAAAAAmRQBxSw8W83FN9bW8RoiuEV3HKEAUUuBQQCghQICAgoIAKCZgooIAKCACgAAAAAAAAAACFAAAAAAIACAAAIUAoAAAAAAAAAAAAAAAAAAAUAAAAP//Z"
Footwear_Shoes_Sneakers_black/white_No Pattern_NaN_NaN_All year,https://photos.queens.cz/queens/2021-01/large/vans-old-skool-platfor-107731_1.jpg
Footwear_Boots_Combat_black_No Pattern_NaN_NaN_Winter,https://pyxis.nymag.com/v1/imgs/f5c/216/4142e2e430f5e8d137f6a61bad162dec06-1----.2x.rhorizontal.w600.jpg
Footwear_Shoes_Converse_black_No Pattern_NaN_NaN_All year,https://www.converse.com/dw/image/v2/BJJF_PRD/on/demandware.static/-/Sites-cnv-master-catalog-we/default/dwf7572039/images/d_08/M9160_D_08X1.jpg?sw=406
Top_Coat_Blazer_bege_No Pattern_NaN_Oversized_Winter,https://static.lefties.com/9/photos2/2023/V/0/1/p/5082/303/711/5082303711_2_6_1.jpg?t=1665414366352
Top_Shirt_T-shirt_black/white_Stripes_NaN_NaN_Winter,https://img01.ztat.net/article/spp-media-p1/17a53cc42370376ea9f18daeabb8ac64/a5d4595f226c4984924920e34a89649f.jpg?imwidth=1800&filter=packshot
Accessories_Bags_Baguette_black_No Pattern_NaN_Small_All year,https://www.prada.com/content/dam/pradabkg_products/1/1BC/1BC499/ZO6F0002/1BC499_ZO6_F0002_V_OOO_SLF.jpg
Bottom_Pants_Straight_black_NaN_Ganga_NaN_All year,https://lp2.hm.com/hmgoepprod?set=quality%5B79%5D%2Csource%5B%2F73%2F09%2F73090b23d26bee2afc4aa124b713ef56b0e76039.jpg%5D%2Corigin%5Bdam%5D%2Ccategory%5Bladies_jeans_straight%5D%2Ctype%5BDESCRIPTIVESTILLLIFE%5D%2Cres%5Bm%5D%2Chmver%5B2%5D&call=url[file:/product/main]
Top_Coat_Blazer_grey_No Pattern_NaN_Oversized_Winter,https://lp2.hm.com/hmgoepprod?set=quality%5B79%5D%2Csource%5B%2F85%2F05%2F8505c12944edb8d502eb20707a72cbb2b6cde369.jpg%5D%2Corigin%5Bdam%5D%2Ccategory%5Bladies_blazers%5D%2Ctype%5BDESCRIPTIVESTILLLIFE%5D%2Cres%5Bm%5D%2Chmver%5B1%5D&call=url[file:/product/main]
Accessories_Hats_Baseball Cap_black_No Pattern_NaN_NaN_All year,https://lp2.hm.com/hmgoepprod?set=quality%5B79%5D%2Csource%5B%2Fd6%2F77%2Fd677db3427520d525a2ed2a347f734fedd10df5e.jpg%5D%2Corigin%5Bdam%5D%2Ccategory%5B%5D%2Ctype%5BDESCRIPTIVESTILLLIFE%5D%2Cres%5Bm%5D%2Chmver%5B2%5D&call=url[file:/product/main]
Bottom_Pants_Straight_black_NaN_Leather_NaN_All year,https://cdn-images.farfetch-contents.com/17/22/79/32/17227932_35427375_1000.jpg
Top_Shirt_Sweater/Jumper_grey_NaN_Wool_NaN_Winter,https://lp.stories.com/app005prod?set=quality%5B79%5D%2Csource%5B%2Fbf%2F27%2Fbf27352ab90db2e1c91a117c0f41b352e656dbb5.jpg%5D%2Corigin%5Bdam%5D%2Ccategory%5B%5D%2Ctype%5BDESCRIPTIVESTILLLIFE%5D%2Cres%5Bm%5D%2Chmver%5B2%5D%2Ctarget%5Bhm.com%5D&call=url[file:/product/main]
Top_Shirt_Cardigan_grey_NaN_Wool_Oversized_Winter,https://lp2.hm.com/hmgoepprod?set=quality%5B79%5D%2Csource%5B%2F61%2F30%2F6130671df94c05b00e034ba10c77c4f3d5752acc.jpg%5D%2Corigin%5Bdam%5D%2Ccategory%5B%5D%2Ctype%5BDESCRIPTIVESTILLLIFE%5D%2Cres%5Bm%5D%2Chmver%5B2%5D&call=url[file:/product/main]
Top_Shirt_Cardigan_bege_NaN_Cashmere_NaN_Winter,https://lp2.hm.com/hmgoepprod?set=quality%5B79%5D%2Csource%5B%2F8e%2F0a%2F8e0abef98a4be895da0127f1d86f630b0b83a3bc.jpg%5D%2Corigin%5Bdam%5D%2Ccategory%5B%5D%2Ctype%5BDESCRIPTIVESTILLLIFE%5D%2Cres%5Bm%5D%2Chmver%5B2%5D&call=url[file:/product/main]
Bottom_Pants_Wide leg_black_No Pattern_Cotton_NaN_All year,https://cdn-images.farfetch-contents.com/17/15/20/70/17152070_34825402_1000.jpg
Accessories_Earrings_Stud_NaN_NaN_Pearl_Small_All year,https://cdn.shopify.com/s/files/1/1248/7127/products/65-70-mm-aaa-white-freshwater-pearl-stud-earrings-earring-2.jpg?v=1607415948
Top_Shirt_Turtleneck_black_No Pattern_NaN_NaN_Winter,https://lp2.hm.com/hmgoepprod?set=quality%5B79%5D%2Csource%5B%2F54%2Fad%2F54ade925766820100e2205daa410297c3fae611f.jpg%5D%2Corigin%5Bdam%5D%2Ccategory%5Bladies_knitwear_turtlenecks%5D%2Ctype%5BDESCRIPTIVESTILLLIFE%5D%2Cres%5Bm%5D%2Chmver%5B2%5D&call=url[file:/product/main]
Accessories_Bags_Bowler_black_No Pattern_NaN_Small_All year,https://www.wardow.com/images/1000x/michael-kors-jet-set-crossbody-bag-beige-32t8tf5m2l-222-31.jpeg
Accessories_Belt_Belt_black_No Pattern_Leather_NaN_All year,https://lp2.hm.com/hmgoepprod?set=format%5Bwebp%5D%2Cquality%5B79%5D%2Csource%5B%2Ffa%2F52%2Ffa520654763e214acf034bec87a0f32e1db9382a.jpg%5D%2Corigin%5Bdam%5D%2Ccategory%5Bladies_accessories_belts%5D%2Ctype%5BDESCRIPTIVESTILLLIFE%5D%2Cres%5Bm%5D%2Chmver%5B2%5D&call=url%5Bfile%3A%2Fproduct%2Fmain%5D
Top_Shirt_T-shirt_white/black_Stripes_NaN_NaN_All year,"https://lp2.hm.com/hmgoepprod?set=source[/f4/f6/f4f6f545f19f4d3f8752625d4ab91e34656759f2.jpg],origin[dam],category[ladies_basics_tops_shortsleeve],type[DESCRIPTIVESTILLLIFE],res[w],hmver[2]&call=url[file:/product/main]"
Bottom_Pants_Wide leg_bege_No Pattern_Cotton_NaN_All year,https://cdn.aboutstatic.com/file/images/9adcc6e327c2adaeae0632f719b2976f.png?bg=F4F4F5&quality=75&trim=1&height=1280&width=960
Top_Shirt_Sweatshirt_black_No Pattern_NaN_Oversized_All year,https://lp2.hm.com/hmgoepprod?set=format%5Bwebp%5D%2Cquality%5B79%5D%2Csource%5B%2F66%2F94%2F6694f394f4416ece98b4c97fac5d0c9c273f5d0a.jpg%5D%2Corigin%5Bdam%5D%2Ccategory%5B%5D%2Ctype%5BDESCRIPTIVESTILLLIFE%5D%2Cres%5Bm%5D%2Chmver%5B2%5D&call=url%5Bfile%3A%2Fproduct%2Fmain%5D
Footwear_Shoes_Loafers_black_No Pattern_Leather_NaN_All year,https://hips.hearstapps.com/vader-prod.s3.amazonaws.com/1656000529-67332585_001_e.jpg
Top_Shirt_Sweater/Jumper_bege_NaN_Wool_NaN_Winter,https://lp2.hm.com/hmgoepprod?set=quality%5B79%5D%2Csource%5B%2F32%2F1f%2F321fd4f3c8ac8d4cf1b0adcbdfc23dd18ecc22f0.jpg%5D%2Corigin%5Bdam%5D%2Ccategory%5Bladies_knitwear_turtlenecks%5D%2Ctype%5BDESCRIPTIVESTILLLIFE%5D%2Cres%5Bm%5D%2Chmver%5B2%5D&call=url[file:/product/main]
Bottom_Pants_Wide leg_grey_No Pattern_Cotton_NaN_All year,https://lp2.hm.com/hmgoepprod?set=quality%5B79%5D%2Csource%5B%2F24%2F8e%2F248eab5135cf399a7411bfdddebcc011fbe451c6.jpg%5D%2Corigin%5Bdam%5D%2Ccategory%5Bladies_trousers_dressed%5D%2Ctype%5BDESCRIPTIVESTILLLIFE%5D%2Cres%5Bm%5D%2Chmver%5B1%5D&call=url[file:/product/main]
Top_Shirt_shirt_blue_No Pattern_Cotton_Oversized_All year,https://lp2.hm.com/hmgoepprod?set=quality%5B79%5D%2Csource%5B%2F4b%2F6b%2F4b6b3d3140dc92ff7e3d6fb2675f9e1c75db960e.jpg%5D%2Corigin%5Bdam%5D%2Ccategory%5B%5D%2Ctype%5BDESCRIPTIVESTILLLIFE%5D%2Cres%5Bm%5D%2Chmver%5B2%5D&call=url[file:/product/main]
Top_Shirt_Sweater/Jumper_white_NaN_Wool_NaN_Winter,https://lp2.hm.com/hmgoepprod?set=quality%5B79%5D%2Csource%5B%2Fe9%2Fdc%2Fe9dcaba3606dab41aa74015e3736e790e05be50c.jpg%5D%2Corigin%5Bdam%5D%2Ccategory%5Bladies_cardigansjumpers_jumpers%5D%2Ctype%5BDESCRIPTIVESTILLLIFE%5D%2Cres%5Bm%5D%2Chmver%5B1%5D&call=url[file:/product/main]
Bottom_Pants_Sweat Pants_grey_No Pattern_Cotton_NaN_All year,https://oldnavy.gap.com/webcontent/0026/946/824/cn26946824.jpg
Accessories_Hats_Beanie_black_No Pattern_NaN_NaN_All year,https://www.mrporter.com/variants/images/1647597285295857/in/w2000_q60.jpg
Bottom_Pants_Leggins_grey_No Pattern_Cotton_NaN_All year,https://www.net-a-porter.com/variants/images/1647597288144274/in/w1365_q60.jpg
Accessories_Hats_Baseball Cap_white_No Pattern_NaN_NaN_All year,https://www.snipes.pt/dw/image/v2/BDCB_PRD/on/demandware.static/-/Sites-snse-master-eu/default/dw4ad756e9/1440670_P.jpg?sw=1560&sh=1560&sm=fit&sfrm=png
Accessories_Socks_Short_white_No Pattern_NaN_NaN_All year,https://www.snipes.pt/dw/image/v2/BDCB_PRD/on/demandware.static/-/Sites-snse-master-eu/default/dwf640ff94/1571446_P.jpg?sw=1560&sh=1560&sm=fit&sfrm=png
Accessories_Bags_Baguette_white_No Pattern_NaN_Small_All year,https://images.asos-media.com/products/asos-design-super-ruched-shoulder-bag-in-off-white/14732823-1-offwhite?$n_240w$&wid=120&fit=constrain
Top_Coat_Blazer_light green_No Pattern_NaN_Oversized_All year,https://cdn-images.farfetch-contents.com/17/95/12/74/17951274_38066571_1000.jpg
Bottom_Pants_Leggins_olive_No Pattern_Cotton_NaN_All year,https://www.yoox.com/images/items/30/30028495NP_14_f.jpg?impolicy=crop&width=387&height=490
Accessories_Hats_Baseball Cap_black_No Pattern_NaN_NaN_All year,https://www.snipes.pt/dw/image/v2/BDCB_PRD/on/demandware.static/-/Sites-snse-master-eu/default/dw7cbf9ffc/1443710_P.jpg?sw=1560&sh=1560&sm=fit&sfrm=png
Bottom_Pants_Leggins_black_No Pattern_Cotton_NaN_All year,https://mobile.yoox.com/images/items/13/13589419EF_12_f.jpg
Accessories_Bags_Tote_bege_No Pattern_NaN_Small_All year,https://img.joomcdn.net/733aebb549ad4b5c3a095709751dd8d2325c4e2c_original.jpeg
Footwear_Shoes_Sneakers_grey_No Pattern_NaN_NaN_All year,https://www.newbalance.com/dw/image/v2/AAGI_PRD/on/demandware.static/-/Library-Sites-NBUS-NBCA/default/dw0a00be0b/images/page-designer/2022/october_3/14293_Comp_S6_Mobile.jpg
Top_Coat_Blazer_bege/black_Plaid_NaN_Oversized_All year,https://cdn-images.farfetch-contents.com/19/15/75/88/19157588_41952095_1000.jpg
Top_Coat_Puffed_black_No Pattern_NaN_NaN_Winter,https://image.uniqlo.com/UQ/ST3/eu/imagesgoods/452309/item/eugoods_09_452309.jpg?width=1083&impolicy=quality_60&imformat=chrome
Coats_Coat_Overcoat_Bege_No Pattern_NaN_Oversized_Winter,https://cdn-images.farfetch-contents.com/18/64/66/65/18646665_40293256_1000.jpg
Coats_Coat_Cardigan_white_NaN_Wool_NaN_Winter,https://lp2.hm.com/hmgoepprod?set=quality%5B79%5D%2Csource%5B%2Fce%2Fdd%2Fcedd502d6cb3610fd10adf9f3bff928d69f59f74.jpg%5D%2Corigin%5Bdam%5D%2Ccategory%5B%5D%2Ctype%5BDESCRIPTIVESTILLLIFE%5D%2Cres%5Bm%5D%2Chmver%5B2%5D&call=url[file:/product/mobilefullscreen]
Bottom_Pants_Cargo_bege_NaN_NaN_NaN_All year,https://static.pullandbear.net/2/photos//2023/V/0/1/p/4678/306/743/4678306743_2_6_8.jpg?t=1677178272004&imwidth=1024
Bottom_Pants_Cargo_olive_NaN_NaN_NaN_All year,https://static.pullandbear.net/2/photos//2023/V/0/1/p/3676/302/500/3676302500_2_6_8.jpg?t=1677853994002&imwidth=375
Bottom_Pants_Cargo_white_NaN_NaN_NaN_All year,https://static.pullandbear.net/2/photos//2023/V/0/1/p/4678/313/711/4678313711_2_6_8.jpg?t=1677178332407&imwidth=375
Bottom_Pants_PARACHUTE_white_NaN_NaN_NaN_All year,https://static.pullandbear.net/2/photos//2023/V/0/1/p/4678/310/806/4678310806_2_6_8.jpg?t=1678202455915&imwidth=375
Coats_Coat_Denim Jacket_blue_NaN_Ganga_Oversized_All year,https://cdn.laredoute.com/products/b/f/f/bff74d9214b8c7747d2bb266ab2d15a6.jpg?width=100&dpr=1
Bottom_Pants_Wide Leg_blue_NaN_Ganga_Oversized_All year,https://static.pullandbear.net/2/photos//2023/V/0/1/p/4683/334/406/4683334406_2_6_8.jpg?t=1677179166025&imwidth=1024
Bottom_Pants_Wide Leg_black_NaN_Ganga_Oversized_All year,https://static.pullandbear.net/2/photos//2023/V/0/1/p/4683/334/800/4683334800_2_6_8.jpg?t=1677179166821&imwidth=375
Top_Shirt_Sleeveless_grey_No Pattern_Nan_NaN_Summer,https://img01.ztat.net/article/spp-media-p1/d1102964ab3e4c7ab2e889648a7ab5ff/d83a813904e740259c8bf9cccf30ed45.jpg?imwidth=1800&filter=packshot
Accessories_Bags_Bowler_brown_No Pattern_Leather_Small_All year,https://media.gucci.com/style/DarkGray_Center_0_0_800x800/1659596441/602204_1DB0G_2361_009_074_0000_Light-Gucci-Horsebit-1955-shoulder-bag.jpg
Top_Shirt_Sports Bra_black_No Pattern_Cotton_NaN_All year,https://lp2.hm.com/hmgoepprod?set=quality%5B79%5D%2Csource%5B%2Fa6%2F98%2Fa6982fbb90f778653d02a627b70bc9906982e533.jpg%5D%2Corigin%5Bdam%5D%2Ccategory%5B%5D%2Ctype%5BDESCRIPTIVESTILLLIFE%5D%2Cres%5Bm%5D%2Chmver%5B2%5D&call=url[file:/product/main]
Top_Shirt_Sports Bra_navy_No Pattern_Cotton_NaN_All year,https://lp2.hm.com/hmgoepprod?set=quality%5B79%5D%2Csource%5B%2F69%2Fbf%2F69bfc2d688f950385ddfb8de8433dbecbbd05e0e.jpg%5D%2Corigin%5Bdam%5D%2Ccategory%5Bladies_lingerie_bras%5D%2Ctype%5BDESCRIPTIVESTILLLIFE%5D%2Cres%5Bm%5D%2Chmver%5B2%5D&call=url[file:/product/main]
Top_Shirt_Sports Bra_grey_No Pattern_Cotton_NaN_All year,https://photos6.spartoo.eu/photos/155/15544911/15544911_1200_A.jpg
Top_Shirt_Sports Bra_black_No Pattern_Cotton_NaN_All year,https://ae01.alicdn.com/kf/S5a16f6b975c84ec7b9e5b51812b27bacj/Women-Sports-Bra-Fitness-Top-Seamless-Yoga-Underwear-Running-Yoga-Gym-Crop-Top-Women-Push-Up.jpg_640x640.jpg
Coats_Coat_Trench Coat_olive_No Pattern_NaN_NaN_All year,https://assets.zadig-et-voltaire.com/w/w/wwco00192_laurier.jpg?ixlib=js-3.3.0&auto=format&q=40&w=1678
Coats_Coat_Trench Coat_navy_No Pattern_NaN_NaN_All year,https://cdn-images.farfetch-contents.com/18/72/36/28/18723628_40620909_1000.jpg
Bottom_Pants_Leggins_navy_No Pattern_NaN_NaN_All year,https://www.calzedonia.com/dw/image/v2/BJHW_PRD/on/demandware.static/-/Sites-CAL_EC_COM/default/dw77d16aac/images/BIP007700-F.jpg?sw=1600&sfrm=jpeg
Bottom_Pants_Pegged_bege_No Pattern_NaN_NaN_All year,https://www.farfetch.com/pt/shopping/women/the-mannei-high-waisted-tapered-trousers-item-19657609.aspx?size=19&storeid=9921&utm_source=google&utm_medium=cpc&utm_keywordid=81964142&utm_shoppingproductid=19657609-19&pid=google_search&af_channel=Search&c=804272543&af_c_id=804272543&af_siteid=&af_keywords=pla-296669535746&af_adset_id=44124870440&af_ad_id=190938098547&af_sub1=81964142&af_sub5=19657609-19&is_retargeting=true&shopping=yes&gclid=Cj0KCQiA6rCgBhDVARIsAK1kGPJ39UXPN8IDYZErn6Zm0KGxeA-_t_BzSoRIn9k3Jz5Sm82CdUsLmRMaArdpEALw_wcB
Bottom_Pants_Pegged_white_No Pattern_NaN_NaN_All year,https://cdn-images.farfetch-contents.com/19/62/18/47/19621847_43842854_1000.jpg
Bottom_Pants_Pegged_olive_No Pattern_NaN_NaN_All year,https://static.smallable.com/1484888-720x720q80/.jpg
Bottom_Pants_Pegged_grey_No Pattern_NaN_NaN_All year,https://cdn-images.farfetch-contents.com/11/64/06/43/11640643_7697795_1000.jpg
Top_Shirt_Shirt_black_No Pattern_Satin_NaN_All year,https://assets.zadig-et-voltaire.com/p/w/pwgcp3201f_noir_1.jpg?ixlib=js-3.3.0&auto=format&q=40&w=1678
Top_Shirt_Sports Bra_white_No Pattern_Cotton_NaN_All year,https://lp2.hm.com/hmgoepprod?set=quality%5B79%5D%2Csource%5B%2F8b%2Ffd%2F8bfd0fe575da8c1f1c9b1b0fda9f8d3916b5afd7.jpg%5D%2Corigin%5Bdam%5D%2Ccategory%5Bladies_lingerie_bras%5D%2Ctype%5BDESCRIPTIVESTILLLIFE%5D%2Cres%5Bm%5D%2Chmver%5B2%5D&call=url[file:/product/main]
Accessories_Bags_Tote_brown_No Pattern_Leather_NaN_All year,https://img01.ztat.net/article/spp-media-p1/acfa96eb82fa44279f4fd52b5e027250/efbca5a27f854643b0712b9adc540d41.jpg?imwidth=1800&filter=packshot
Accessories_Bags_Tote_grey_No Pattern_Leather_NaN_All year,https://johnlewis.scene7.com/is/image/JohnLewis/234037412
Top_Shirt_Shirt_Blue_Stripes_Cotton_Oversized_All year,https://cdn-images.farfetch-contents.com/18/79/85/93/18798593_40766921_1000.jpg
Top_Shirt_Sleeveless_Bege_No Pattern_Cotton_NaN_Summer,https://static.pullandbear.net/2/photos//2023/V/0/1/p/4558/203/704/4558203704_2_6_8.jpg?t=1677232257105&imwidth=1024
Bottom_Pants_Wide Leg_White_No Pattern_Cotton_NaN_All year,https://cdn-images.farfetch-contents.com/19/61/13/94/19611394_43821580_1000.jpg
Footwear_Sandals_High heels_transparent_No Pattern_NaN_NaN_All year,https://nypost.com/wp-content/uploads/sites/2/2022/06/1-26.png
Top_Shirt_T-shirt_black_No Pattern_Cotton_NaN_Summer,https://lp2.hm.com/hmgoepprod?set=quality%5B79%5D%2Csource%5B%2Fb2%2Ffd%2Fb2fd220fe1608a9fb3f266e205cb0919e13e6399.jpg%5D%2Corigin%5Bdam%5D%2Ccategory%5Bladies_tops_shortsleeve%5D%2Ctype%5BDESCRIPTIVESTILLLIFE%5D%2Cres%5Bm%5D%2Chmver%5B2%5D&call=url[file:/product/main]
Accessories_Bags_Tote_black_No Pattern_Leather_NaN_All year,https://lp2.hm.com/hmgoepprod?set=quality%5B79%5D%2Csource%5B%2Fe0%2F9c%2Fe09cef046d3f49aafe94f418dff448a3583014a9.jpg%5D%2Corigin%5Bdam%5D%2Ccategory%5Bladies_bags_shopperstotes%5D%2Ctype%5BDESCRIPTIVESTILLLIFE%5D%2Cres%5Bm%5D%2Chmver%5B1%5D&call=url[file:/product/main]
Footwear_Sandals_High heels_black_No Pattern_NaN_NaN_All year,https://lanebryant.scene7.com/is/image/lanebryantProdATG/373130_0000000628?$pdpMainImage$
Coats_Coat_Jacket_black_No Pattern_Leather_Oversized_Winter,https://www.jacketsmob.com/wp-content/uploads/2021/12/womens-oversized-black-leather-jacket-222.webp
Top_Shirt_sweatshirt_white_No Pattern_Cotton_Oversized_All year,https://lp2.hm.com/hmgoepprod?set=quality%5B79%5D%2Csource%5B%2Fc5%2Fb0%2Fc5b07266e7ca4535ca640d96e5c2893f2bcb3274.jpg%5D%2Corigin%5Bdam%5D%2Ccategory%5B%5D%2Ctype%5BDESCRIPTIVESTILLLIFE%5D%2Cres%5Bm%5D%2Chmver%5B2%5D&call=url[file:/product/main]
